{
  "code": 0,
  "data": {
    "tabs": [
      {
        "name": "轮播图"
      },
      {
        "name": "通讯录"
      },
      {
        "name": "图片懒加载"
      },
      {
        "name": "按钮"
      },
      {
        "name": "弹框"
      },
      {
        "name": "按需加载"
      },
      {
        "name": "国际化"
      }
    ],
    "items": [
      {
        "img_url": "images/img0.png"
      },
      {
        "img_url": "images/img1.png"
      },
      {
        "img_url": "images/img2.png"
      },
      {
        "img_url": "images/img3.png"
      }
    ],
    "indexList": [
      {
        "name": "B",
        "items": [
          {
            "name": "白总",
            "tags": "白总",
            "itemId": 1
          },
          {
            "name": "柏项",
            "tags": "柏项",
            "itemId": 2
          }
        ]
      },
      {
        "name": "C",
        "items": [
          {
            "name": "陈木",
            "tags": "ANSHAN,鞍山市",
            "itemId": 3
          },
          {
            "name": "曹敏",
            "tags": "ANQING,安庆市",
            "itemId": 4
          }
        ]
      },
      {
        "name": "D",
        "items": [
          {
            "name": "杜小新",
            "tags": "杜小新",
            "itemId": 1
          },
          {
            "name": "邓林林",
            "tags": "邓林林",
            "itemId": 5
          },
          {
            "name": "Deep",
            "tags": "Deep",
            "itemId": 6
          }
        ]
      },
      {
        "name": "E",
        "items": [
          {
            "name": "二雨",
            "tags": "二雨",
            "itemId": 7
          }
        ]
      },
      {
        "name": "F",
        "items": [
          {
            "name": "冯中",
            "tags": "冯中",
            "itemId": 8
          },
          {
            "name": "File",
            "tags": "File",
            "itemId": 9
          },
          {
            "name": "梵高",
            "tags": "梵高",
            "itemId": 10
          }
        ]
      },
      {
        "name": "G",
        "items": [
          {
            "name": "高点",
            "tags": "高点",
            "itemId": 11
          },
          {
            "name": "郭氏a",
            "tags": "郭氏a",
            "itemId": 12
          },
          {
            "name": "关羽",
            "tags": "关羽",
            "itemId": 13
          }
        ]
      },
      {
        "name": "H",
        "items": [
          {
            "name": "何心心",
            "tags": "何心心",
            "itemId": 14
          },
          {
            "name": "黄小妹",
            "tags": "黄小妹",
            "itemId": 15
          }
        ]
      },
      {
        "name": "K",
        "items": [
          {
            "name": "kar",
            "tags": "kar",
            "itemId": 16
          },
          {
            "name": "梨YM",
            "tags": "梨YM",
            "itemId": 17
          }
        ]
      },
      {
        "name": "Z",
        "items": [
          {
            "name": "曾海梨",
            "tags": "曾海梨",
            "itemId": 18
          },
          {
            "name": "张鑫雨",
            "tags": "张鑫雨",
            "itemId": 19
          },
          {
            "name": "张梨鑫",
            "tags": "张梨鑫",
            "itemId": 20
          },
          {
            "name": "朱理明",
            "tags": "朱理明",
            "itemId": 21
          },
          {
            "name": "种小爱",
            "tags": "种小爱",
            "itemId": 22
          }
        ]
      }
    ],
    "imageLoadList": [
      {
        "imgurl": "images/img0.png",
        "name": "风景",
        "desc": "主要旅游景点有丽江古城、大理洱海、石林、泸沽湖、香格里拉、西双版纳、梅里雪山、腾冲"
      },
      {
        "imgurl": "images/img1.png",
        "name": "风景",
        "desc": "主要旅游景点有丽江古城、大理洱海、石林、泸沽湖、香格里拉、西双版纳、梅里雪山、腾冲"
      },
      {
        "imgurl": "images/img2.png",
        "name": "风景",
        "desc": "主要旅游景点有丽江古城、大理洱海、石林、泸沽湖、香格里拉、西双版纳、梅里雪山、腾冲"
      },
      {
        "imgurl": "images/img3.png",
        "name": "风景",
        "desc": "主要旅游景点有丽江古城、大理洱海、石林、泸沽湖、香格里拉、西双版纳、梅里雪山、腾冲"
      },
      {
        "imgurl": "images/img4.png",
        "name": "风景",
        "desc": "主要旅游景点有丽江古城、大理洱海、石林、泸沽湖、香格里拉、西双版纳、梅里雪山、腾冲"
      },
      {
        "imgurl": "images/img5.png",
        "name": "风景",
        "desc": "主要旅游景点有丽江古城、大理洱海、石林、泸沽湖、香格里拉、西双版纳、梅里雪山、腾冲"
      },
      {
        "imgurl": "images/img6.png",
        "name": "风景",
        "desc": "主要旅游景点有丽江古城、大理洱海、石林、泸沽湖、香格里拉、西双版纳、梅里雪山、腾冲"
      },
      {
        "imgurl": "images/img7.png",
        "name": "风景",
        "desc": "主要旅游景点有丽江古城、大理洱海、石林、泸沽湖、香格里拉、西双版纳、梅里雪山、腾冲"
      },
      {
        "imgurl": "images/img8.png",
        "name": "风景",
        "desc": "主要旅游景点有丽江古城、大理洱海、石林、泸沽湖、香格里拉、西双版纳、梅里雪山、腾冲"
      },
      {
        "imgurl": "images/img9.png",
        "name": "风景",
        "desc": "主要旅游景点有丽江古城、大理洱海、石林、泸沽湖、香格里拉、西双版纳、梅里雪山、腾冲"
      },
      {
        "imgurl": "images/img10.png",
        "name": "风景",
        "desc": "主要旅游景点有丽江古城、大理洱海、石林、泸沽湖、香格里拉、西双版纳、梅里雪山、腾冲"
      },
      {
        "imgurl": "images/img11.png",
        "name": "风景",
        "desc": "主要旅游景点有丽江古城、大理洱海、石林、泸沽湖、香格里拉、西双版纳、梅里雪山、腾冲"
      },
      {
        "imgurl": "images/img12.png",
        "name": "风景",
        "desc": "主要旅游景点有丽江古城、大理洱海、石林、泸沽湖、香格里拉、西双版纳、梅里雪山、腾冲"
      },
      {
        "imgurl": "images/img13.png",
        "name": "风景",
        "desc": "主要旅游景点有丽江古城、大理洱海、石林、泸沽湖、香格里拉、西双版纳、梅里雪山、腾冲"
      },
      {
        "imgurl": "images/img13.png",
        "name": "风景",
        "desc": "主要旅游景点有丽江古城、大理洱海、石林、泸沽湖、香格里拉、西双版纳、梅里雪山、腾冲"
      },
      {
        "imgurl": "images/img13.png",
        "name": "风景",
        "desc": "主要旅游景点有丽江古城、大理洱海、石林、泸沽湖、香格里拉、西双版纳、梅里雪山、腾冲"
      },
      {
        "imgurl": "images/img13.png",
        "name": "风景",
        "desc": "主要旅游景点有丽江古城、大理洱海、石林、泸沽湖、香格里拉、西双版纳、梅里雪山、腾冲"
      }
    ]

  }
}
